Feature,Importance
CBBTCUSD,0.3279493217344511
DJIA,0.2680521510176608
AMD,0.17095556941414775
MACD_Signal,0.10406827777877668
ADS_Index,0.05052889940434406
RF,0.04077753450517716
RSI,0.03766824614544249
